{"cameraMode":{"drawMode":0,"name":"Shaded","section":"Shading Mode"},"sceneLighting":false,"audioPlay":false,"sceneViewState":{"m_AlwaysRefresh":false,"showFog":true,"showSkybox":false,"showFlares":true,"showImageEffects":true,"showParticleSystems":true,"showVisualEffectGraphs":true,"m_FxEnabled":true},"in2DMode":false,"pivot":{"x":-0.021769285202026368,"y":-0.2101883888244629,"z":3.7321088314056398},"rotation":{"x":-0.16222335398197175,"y":-0.01276753842830658,"z":0.002442458178848028,"w":-0.9867381453514099},"size":0.9607565999031067,"orthographic":false}