{"cameraMode":{"drawMode":0,"name":"Shaded","section":"Shading Mode"},"sceneLighting":true,"audioPlay":false,"sceneViewState":{"m_AlwaysRefresh":false,"showFog":true,"showSkybox":false,"showFlares":true,"showImageEffects":true,"showParticleSystems":true,"showVisualEffectGraphs":true,"m_FxEnabled":true},"in2DMode":false,"pivot":{"x":0.7747068405151367,"y":0.5112394094467163,"z":5.192716598510742},"rotation":{"x":-0.16222335398197175,"y":-0.01276753842830658,"z":0.002442458178848028,"w":-0.9867381453514099},"size":4.7023420333862309,"orthographic":false}