{"cameraMode":{"drawMode":0,"name":"Shaded","section":"Shading Mode"},"sceneLighting":true,"audioPlay":false,"sceneViewState":{"m_AlwaysRefresh":false,"showFog":true,"showSkybox":true,"showFlares":true,"showImageEffects":true,"showParticleSystems":true,"showVisualEffectGraphs":true,"m_FxEnabled":true},"in2DMode":false,"pivot":{"x":-4.156255722045898,"y":-41.48686981201172,"z":95.29248809814453},"rotation":{"x":-0.2281581461429596,"y":-0.0029151441995054485,"z":0.0012424207525327802,"w":-0.9737915396690369},"size":56.51528549194336,"orthographic":false}