{"cameraMode":{"drawMode":0,"name":"Shaded","section":"Shading Mode"},"sceneLighting":true,"audioPlay":false,"sceneViewState":{"m_AlwaysRefresh":false,"showFog":true,"showSkybox":false,"showFlares":true,"showImageEffects":true,"showParticleSystems":true,"showVisualEffectGraphs":true,"m_FxEnabled":true},"in2DMode":false,"pivot":{"x":0.24961376190185548,"y":3.5233142375946047,"z":8.976394653320313},"rotation":{"x":-0.031247466802597047,"y":-0.8817050457000732,"z":0.05954946205019951,"w":-0.4671664237976074},"size":7.170536518096924,"orthographic":false}